LinkID,L0,L1re,L1im,L2re,L2im,L3re,L3im
1321,8.6796875,-1.0791015625,0.5595703125,-0.564453125,0.658203125,0.042816162109375,0.320556640625
1320,9.140625,-0.76025390625,0.11724853515625,-0.4716796875,-0.1900634765625,-0.1424560546875,-0.1998291015625
1295,9.2421875,-0.5458984375,0.1890869140625,-0.259521484375,0.1510009765625,0.042938232421875,0.03302001953125
1294,8.9375,-0.75390625,0.330322265625,-0.451171875,0.2044677734375,0.0316162109375,0.1187744140625
1273,8.7578125,-0.98828125,0.55078125,-0.48388671875,0.708984375,0.09893798828125,0.3134765625
1272,8.1875,-1.3466796875,0.032745361328125,-0.9140625,-0.358154296875,-0.254150390625,-0.2264404296875
